txpool size,arrive rate
0,0.000
3116,209.000
8307,496.000
13434,706.667
19098,759.000
22394,453.000
27064,609.000
31199,715.333
35109,245.000
40155,637.333
43354,305.333
47533,365.667
52926,727.000
56803,522.667
60499,509.333
65012,570.000
68843,631.667
72208,417.667
76154,674.333
79684,303.000
84407,432.000
88341,713.667
92259,479.333
96743,643.333
101304,663.000
105210,550.667
109121,259.000
113949,598.333
117382,515.000
121568,485.000
125546,276.667
129494,566.333
132930,473.667
137745,553.000
140817,146.333
145692,602.667
150644,778.333
154606,597.333
158477,260.333
162943,379.000
167042,692.000
171100,219.333
175795,450.667
180195,684.333
183511,275.000
183798,0.000
183075,0.000
182229,0.000
181638,0.000
180586,0.000
179822,0.000
179195,0.000
178340,0.000
177492,0.000
176631,0.000
175673,0.000
174780,0.000
173900,0.000
173275,0.000
172523,0.000
171372,0.000
170670,0.000
170063,0.000
169024,0.000
168422,0.000
167265,0.000
166600,0.000
165713,0.000
165151,0.000
164306,0.000
163090,0.000
162138,0.000
161535,0.000
160602,0.000
159767,0.000
158931,0.000
158109,0.000
156985,0.000
156235,0.000
155349,0.000
154344,0.000
153236,0.000
152540,0.000
151835,0.000
150756,0.000
149862,0.000
148548,0.000
147398,0.000
146279,0.000
145238,0.000
144280,0.000
142984,0.000
141793,0.000
140768,0.000
139690,0.000
138657,0.000
137655,0.000
136615,0.000
134917,0.000
133955,0.000
132954,0.000
131703,0.000
130600,0.000
129387,0.000
128791,161.667
127599,170.333
126326,75.333
125267,164.333
124017,167.000
122898,158.000
121876,168.667
120683,162.333
119272,43.333
118281,178.333
117194,163.333
116117,174.333
114987,95.333
113529,103.000
112547,165.333
